"organ"	"BioProject"	"library selection"	"instrument"	"mapping rate"
0.00263675914745076	0.460650610768503	0.0561421788116389	0.0048811167483791	0.00623405450061243
