"organ"	"BioProject"	"library selection"	"instrument"	"mapping rate"
0.00203526371109652	0.471980588769393	0.0677691308408387	0.00314339016917797	0.00709628676696583
