"organ"	"BioProject"	"library selection"	"instrument"	"mapping rate"
-0.0269709543568466	-0.0143442622950822	-0.000673854447439393	0.00375234521575984	-0.00131639578815035
